unique_id,name,product,contact_household,qr_url
GB0-148-1,Utopia Homelands,Basket Bed,,https://goods-tracker.app/support?asset_id=GB0-148-1
GB0-148-2,Utopia Homelands,Basket Bed,,https://goods-tracker.app/support?asset_id=GB0-148-2
GB0-148-3,Utopia Homelands,Basket Bed,,https://goods-tracker.app/support?asset_id=GB0-148-3
GB0-148-4,Utopia Homelands,Basket Bed,,https://goods-tracker.app/support?asset_id=GB0-148-4
GB0-148-5,Utopia Homelands,Basket Bed,,https://goods-tracker.app/support?asset_id=GB0-148-5
GB0-148-6,Utopia Homelands,Basket Bed,,https://goods-tracker.app/support?asset_id=GB0-148-6
GB0-148-7,Utopia Homelands,Basket Bed,,https://goods-tracker.app/support?asset_id=GB0-148-7
GB0-148-8,Utopia Homelands,Basket Bed,,https://goods-tracker.app/support?asset_id=GB0-148-8
GB0-148-9,Utopia Homelands,Basket Bed,,https://goods-tracker.app/support?asset_id=GB0-148-9
GB0-148-10,Utopia Homelands,Basket Bed,,https://goods-tracker.app/support?asset_id=GB0-148-10
GB0-148-11,Utopia Homelands,Basket Bed,,https://goods-tracker.app/support?asset_id=GB0-148-11
GB0-148-12,Utopia Homelands,Basket Bed,,https://goods-tracker.app/support?asset_id=GB0-148-12
GB0-148-13,Utopia Homelands,Basket Bed,,https://goods-tracker.app/support?asset_id=GB0-148-13
GB0-148-14,Utopia Homelands,Basket Bed,,https://goods-tracker.app/support?asset_id=GB0-148-14
GB0-148-15,Utopia Homelands,Basket Bed,,https://goods-tracker.app/support?asset_id=GB0-148-15
GB0-148-16,Utopia Homelands,Basket Bed,,https://goods-tracker.app/support?asset_id=GB0-148-16
GB0-148-17,Utopia Homelands,Basket Bed,,https://goods-tracker.app/support?asset_id=GB0-148-17
GB0-148-18,Utopia Homelands,Basket Bed,,https://goods-tracker.app/support?asset_id=GB0-148-18
GB0-148-19,Utopia Homelands,Basket Bed,,https://goods-tracker.app/support?asset_id=GB0-148-19
GB0-148-20,Utopia Homelands,Basket Bed,,https://goods-tracker.app/support?asset_id=GB0-148-20
GB0-148-21,Utopia Homelands,Basket Bed,,https://goods-tracker.app/support?asset_id=GB0-148-21
GB0-148-22,Utopia Homelands,Basket Bed,,https://goods-tracker.app/support?asset_id=GB0-148-22
GB0-148-23,Utopia Homelands,Basket Bed,,https://goods-tracker.app/support?asset_id=GB0-148-23
GB0-148-24,Utopia Homelands,Basket Bed,,https://goods-tracker.app/support?asset_id=GB0-148-24
GB0-148-25,Utopia Homelands,Basket Bed,,https://goods-tracker.app/support?asset_id=GB0-148-25
GB0-148-26,Utopia Homelands,Basket Bed,,https://goods-tracker.app/support?asset_id=GB0-148-26
GB0-148-27,Utopia Homelands,Basket Bed,,https://goods-tracker.app/support?asset_id=GB0-148-27
GB0-148-28,Utopia Homelands,Basket Bed,,https://goods-tracker.app/support?asset_id=GB0-148-28
GB0-148-29,Utopia Homelands,Basket Bed,,https://goods-tracker.app/support?asset_id=GB0-148-29
GB0-148-30,Utopia Homelands,Basket Bed,,https://goods-tracker.app/support?asset_id=GB0-148-30
GB0-148-31,Utopia Homelands,Basket Bed,,https://goods-tracker.app/support?asset_id=GB0-148-31
GB0-148-32,Utopia Homelands,Basket Bed,,https://goods-tracker.app/support?asset_id=GB0-148-32
GB0-148-33,Utopia Homelands,Basket Bed,,https://goods-tracker.app/support?asset_id=GB0-148-33
GB0-148-34,Utopia Homelands,Basket Bed,,https://goods-tracker.app/support?asset_id=GB0-148-34
GB0-148-35,Utopia Homelands,Basket Bed,,https://goods-tracker.app/support?asset_id=GB0-148-35
GB0-148-36,Utopia Homelands,Basket Bed,,https://goods-tracker.app/support?asset_id=GB0-148-36
GB0-148-37,Utopia Homelands,Basket Bed,,https://goods-tracker.app/support?asset_id=GB0-148-37
GB0-148-38,Utopia Homelands,Basket Bed,,https://goods-tracker.app/support?asset_id=GB0-148-38
GB0-148-39,Utopia Homelands,Basket Bed,,https://goods-tracker.app/support?asset_id=GB0-148-39
GB0-148-40,Utopia Homelands,Basket Bed,,https://goods-tracker.app/support?asset_id=GB0-148-40
GB0-148-41,Utopia Homelands,Basket Bed,,https://goods-tracker.app/support?asset_id=GB0-148-41
GB0-148-42,Utopia Homelands,Basket Bed,,https://goods-tracker.app/support?asset_id=GB0-148-42
GB0-148-43,Utopia Homelands,Basket Bed,,https://goods-tracker.app/support?asset_id=GB0-148-43
GB0-148-44,Utopia Homelands,Basket Bed,,https://goods-tracker.app/support?asset_id=GB0-148-44
GB0-148-45,Utopia Homelands,Basket Bed,,https://goods-tracker.app/support?asset_id=GB0-148-45
GB0-148-46,Utopia Homelands,Basket Bed,,https://goods-tracker.app/support?asset_id=GB0-148-46
GB0-148-47,Utopia Homelands,Basket Bed,,https://goods-tracker.app/support?asset_id=GB0-148-47
GB0-148-48,Utopia Homelands,Basket Bed,,https://goods-tracker.app/support?asset_id=GB0-148-48
GB0-148-49,Utopia Homelands,Basket Bed,,https://goods-tracker.app/support?asset_id=GB0-148-49
GB0-148-50,Utopia Homelands,Basket Bed,,https://goods-tracker.app/support?asset_id=GB0-148-50
GB0-148-51,Utopia Homelands,Basket Bed,,https://goods-tracker.app/support?asset_id=GB0-148-51
GB0-148-52,Utopia Homelands,Basket Bed,,https://goods-tracker.app/support?asset_id=GB0-148-52
GB0-148-53,Utopia Homelands,Basket Bed,,https://goods-tracker.app/support?asset_id=GB0-148-53
GB0-148-54,Utopia Homelands,Basket Bed,,https://goods-tracker.app/support?asset_id=GB0-148-54
GB0-148-55,Utopia Homelands,Basket Bed,,https://goods-tracker.app/support?asset_id=GB0-148-55
GB0-148-56,Utopia Homelands,Basket Bed,,https://goods-tracker.app/support?asset_id=GB0-148-56
GB0-148-57,Utopia Homelands,Basket Bed,,https://goods-tracker.app/support?asset_id=GB0-148-57
GB0-148-58,Utopia Homelands,Basket Bed,,https://goods-tracker.app/support?asset_id=GB0-148-58
GB0-148-59,Utopia Homelands,Basket Bed,,https://goods-tracker.app/support?asset_id=GB0-148-59
GB0-148-60,Utopia Homelands,Basket Bed,,https://goods-tracker.app/support?asset_id=GB0-148-60
